연도,학제,학교 세부 유형,고등학교유형,시도,교육지원청,행정구,학교명,본분교,학교상태,설립,남여공학,우편번호,도로명주소,연락처,팩스번호,홈페이지
2019,고등학교,일반고,일반고등학교,제주,제주,제주시,제주대학교사범대학부설고등학교,본교,기존(원)교,국립,남여공학,63151 ,제주특별자치도 제주시 용담로 65 (용담삼동),064-754-6500,064-754-6400,http://jnuh.jje.hs.kr
2019,고등학교,일반고,일반고등학교,제주,제주,서귀포시,대정고등학교,본교,기존(원)교,공립,남자,63509 ,제주특별자치도 서귀포시 대정읍 일주서로2498번길 21 . 대정고등학교 (대정읍),064-730-0100,064-794-2070,http://daejeong.jje.hs.kr
2019,고등학교,일반고,일반고등학교,제주,제주,서귀포시,대정여자고등학교,본교,기존(원)교,공립,여자,63509 ,제주특별자치도 서귀포시 대정읍 대한로88번길 82-22 . 대정여자고등학교 (대정읍),064-730-5300,064-730-5399,http://djgirls.jje.hs.kr
2019,고등학교,일반고,일반고등학교,제주,제주,서귀포시,서귀포고등학교,본교,기존(원)교,공립,남자,63585 ,제주특별자치도 서귀포시 중앙로 140 (동홍동),064-730-6300,064-730-6377,http://seogwipo.jje.hs.kr
2019,고등학교,일반고,일반고등학교,제주,제주,서귀포시,서귀포여자고등학교,본교,기존(원)교,공립,여자,63571 ,제주특별자치도 서귀포시 태평로 80 (호근동.서귀포여자고등학교),064-766-1100,064-739-0539,http://sgpo.jje.hs.kr
2019,고등학교,일반고,일반고등학교,제주,제주,제주시,세화고등학교,본교,기존(원)교,공립,남여공학,63361 ,제주특별자치도 제주시 구좌읍 세종로 26 (구좌읍),064-780-1603,064-783-2480,http://sehwa.jje.hs.kr
2019,고등학교,일반고,일반고등학교,제주,제주,제주시,제주제일고등학교,본교,기존(원)교,공립,남자,63087 ,제주특별자치도 제주시 진군길 22 (노형동.제주제일고등학교),064-740-8200,064-740-8290,http://jeil.jje.hs.kr
2019,고등학교,일반고,일반고등학교,제주,제주,제주시,제주중앙여자고등학교,본교,기존(원)교,공립,여자,63231 ,제주특별자치도 제주시 구남동5길 11 (이도이동),064-717-3100,064-717-3110,http://jungang.jje.hs.kr
2019,고등학교,일반고,일반고등학교,제주,제주,제주시,한림고등학교,본교,기존(원)교,공립,남여공학,63012 ,제주특별자치도 제주시 한림읍 월계로 74 . 한림고등학교 (한림읍),064-795-5500,064-796-9819,http://hallim.jje.hs.kr
2019,고등학교,일반고,일반고등학교,제주,제주,제주시,남녕고등학교,본교,기존(원)교,사립,남여공학,63128 ,제주특별자치도 제주시 도령로 55 . 남녕고등학교 (연동),064-717-6357,064-717-6388,http://namnyeong.jje.hs.kr
2019,고등학교,일반고,일반고등학교,제주,제주,서귀포시,남주고등학교,본교,기존(원)교,사립,남자,63579 ,제주특별자치도 서귀포시 동홍로303번길 14 (동홍동.남주고등학교),064-730-6000,064-733-6100,http://namju.jje.hs.kr
2019,고등학교,일반고,일반고등학교,제주,제주,제주시,대기고등학교,본교,기존(원)교,사립,남자,63328 ,제주특별자치도 제주시 번영로 453-6 . 대기고등학교 (봉개동),064-721-5142,064-721-5146,http://www.daykey.hs.kr
2019,고등학교,일반고,일반고등학교,제주,제주,서귀포시,삼성여자고등학교,본교,기존(원)교,사립,여자,63598 ,제주특별자치도 서귀포시 검은여로 151 삼성여자고등학교 (토평동),064-760-5400,064-762-2670,http://samsung.jje.hs.kr
2019,고등학교,일반고,일반고등학교,제주,제주,제주시,신성여자고등학교,본교,기존(원)교,사립,여자,63308 ,제주특별자치도 제주시 아봉로 174-1 (영평동. 신성여자고등학교),064-729-7301,064-724-7060,http://shinseong.jje.hs.kr
2019,고등학교,일반고,일반고등학교,제주,제주,제주시,오현고등학교,본교,기존(원)교,사립,남자,63293 ,제주특별자치도 제주시 일주동로 101 . 오현고등학교 (화북일동),064-754-0800,064-755-4216,http://ohyun.jje.hs.kr/
2019,고등학교,일반고,일반고등학교,제주,제주,제주시,제주여자고등학교,본교,기존(원)교,사립,여자,63236 ,제주특별자치도 제주시 구산로 50 . 제주여자고등학교 (아라일동),064-702-3762,064-702-7906,http://jeju-g.jje.hs.kr
2019,고등학교,일반고,일반고등학교,제주,제주,제주시,애월고등학교,본교,기존(원)교,공립,남여공학,63044 ,제주특별자치도 제주시 애월읍 일주서로 6372-20 (애월읍.애월고등학교),064-797-5100,064-799-6974,http://aewol.jje.hs.kr
2019,고등학교,일반고,일반고등학교,제주,제주,서귀포시,표선고등학교,본교,기존(원)교,공립,남여공학,63629 ,제주특별자치도 서귀포시 표선면 표선중앙로 22-15 (표선면.표선고등학교),064-786-5500,064-786-5599,http://jjps.jje.hs.kr
2019,고등학교,특목고,과학고등학교,제주,제주,제주시,제주과학고등학교,본교,기존(원)교,공립,남여공학,63144 ,제주특별자치도 제주시 산록북로 421-1 (오라이동),064-754-0700,064-754-0777,http://jeju-s.jje.hs.kr
2019,고등학교,특목고,외국어고등학교,제주,제주,제주시,제주외국어고등학교,본교,기존(원)교,공립,남여공학,63065 ,제주특별자치도 제주시 애월읍 고성남길 34 (애월읍),064-717-7700,064-717-7703,http://jejufl.jje.hs.kr
2019,고등학교,특성화고(직업),농림업고등학교,제주,제주,서귀포시,서귀포산업과학고등학교,본교,기존(원)교,공립,남여공학,63582 ,제주특별자치도 서귀포시 516로 501 서귀포산업과학고등학교 (상효동),064-730-5500,064-733-8764,http://sis.jje.hs.kr
2019,고등학교,특성화고(직업),공업고등학교,제주,제주,제주시,한림공업고등학교,본교,기존(원)교,공립,남여공학,63028 ,제주특별자치도 제주시 한림읍 한림중앙로 87 (한림읍),064-797-3299,064-796-3277,http://hallim-th.jje.hs.kr
2019,고등학교,일반고,공업고등학교,제주,제주,제주시,영주고등학교,본교,기존(원)교,사립,남여공학,63311 ,제주특별자치도 제주시 첨단동길 92 (월평동.영주고등학교),064-729-6200,064-702-6255,http://jyj.jje.hs.kr
2019,고등학교,특성화고(직업),상업고등학교,제주,제주,제주시,제주여자상업고등학교,본교,기존(원)교,공립,여자,63282 ,제주특별자치도 제주시 동문로 89-1 (건입동),064-754-0100,064-754-0199,http://jejugc.jje.hs.kr
2019,고등학교,일반고,상업고등학교,제주,제주,제주시,함덕고등학교,본교,기존(원)교,공립,남여공학,63332 ,제주특별자치도 제주시 조천읍 신흥로 9 . (신흥리 215번지) 함덕고등학교 (조천읍),064-780-7873,064-783-1247,http://hamdeok.jje.hs.kr
2019,고등학교,일반고,상업고등학교,제주,제주,제주시,제주중앙고등학교,본교,기존(원)교,사립,남여공학,63311 ,제주특별자치도 제주시 아봉로 323 (월평동),064-721-1152,064-750-3888,http://jja.jje.hs.kr
2019,고등학교,일반고,수산고등학교,제주,제주,서귀포시,성산고등학교,본교,기존(원)교,공립,남여공학,63639 ,제주특별자치도 서귀포시 성산읍 한도로 79-17 . 성산고등학교 (성산읍),064-786-5000,064-786-5115,http://jejuss.jje.hs.kr
2019,고등학교,특성화고(직업),가사고등학교,제주,제주,제주시,제주고등학교,본교,기존(원)교,공립,남여공학,63092 ,제주특별자치도 제주시 1100로 3213 (노형동),064-750-4146,064-747-4377,http://jeju.jje.hs.kr
2019,고등학교,특성화고(직업),가사고등학교,제주,제주,서귀포시,중문고등학교,본교,기존(원)교,공립,남여공학,63540 ,제주특별자치도 서귀포시 일주서로570번길 19 (대포동),064-735-7400,064-738-4503,http://jungmun.jje.hs.kr
2019,고등학교,특성화고(직업),가사고등학교,제주,제주,제주시,한국뷰티고등학교,본교,기존(원)교,공립,남여공학,63008 ,제주특별자치도 제주시 한경면 용고로 70 (한경면),064-795-8200,064-772-5977,http://kbeauty.jje.hs.kr
2019,특수학교,,기타학교(특수),제주,제주,제주시,제주영지학교,본교,기존(원)교,공립,남여공학,63245 ,제주특별자치도 제주시 간월동로3길 15 (이도이동),064-728-1100,064-757-0840,http://youngji.jje.sc.kr
2019,특수학교,,기타학교(특수),제주,제주,제주시,제주영송학교,본교,기존(원)교,사립,남여공학,63062 ,제주특별자치도 제주시 애월읍 광령중길 126-3 (애월읍),064-748-2064,064-747-5758,http://www.youngsong.sc.kr
2019,특수학교,,기타학교(특수),제주,제주,서귀포시,서귀포온성학교,본교,기존(원)교,공립,남여공학,63582 ,제주특별자치도 서귀포시 516로 447-10 . 서귀포온성학교 (상효동),064-760-8000,064-767-8014,http://onseong.jje.sc.kr
2019,유치원,,유치원,제주,제주시,제주시,광양초등학교병설유치원,본교,기존(원)교,공립,,63197 ,제주특별자치도 제주시 돈내길 5 (이도일동),064-754-6937,064-756-0014,http://jeju-gwyang.jje.es.kr
2019,유치원,,유치원,제주,제주시,제주시,노형초등학교병설유치원,본교,기존(원)교,공립,,63102 ,제주특별자치도 제주시 노형로 383 (노형동),064-740-8175,064-740-8470,http://nohyung.jje.es.kr
2019,유치원,,유치원,제주,제주시,제주시,도리초등학교병설유치원,본교,기존(원)교,공립,,63112 ,제주특별자치도 제주시 도리로 129 (도두일동),064-717-4670,064-717-4699,http://dori.jje.es.kr
2019,유치원,,유치원,제주,제주시,제주시,동화초등학교병설유치원,본교,기존(원)교,공립,,63301 ,제주특별자치도 제주시 동화로1길 44 (화북일동),064-729-5770,064-729-5779,http://donghwa.jje.es.kr
2019,유치원,,유치원,제주,제주시,제주시,봉개초등학교병설유치원,본교,기존(원)교,공립,,63313 ,제주특별자치도 제주시 번영로 484 (봉개동),064-721-0464,064-721-3384,http://bonggae.jje.es.kr
2019,유치원,,유치원,제주,제주시,제주시,삼성초등학교병설유치원,본교,기존(원)교,공립,,63199 ,제주특별자치도 제주시 서광로29길 35 (이도일동),064-720-0770,064-751-2683,http://samsung.jje.es.kr/
2019,유치원,,유치원,제주,제주시,제주시,삼양초등학교병설유치원,본교,기존(원)교,공립,,63321 ,제주특별자치도 제주시 지석14길 7 (삼양이동),064-729-6870,064-729-6888,http://www.j-samyang.jje.es.kr
2019,유치원,,유치원,제주,제주시,제주시,아라초등학교병설유치원,본교,기존(원)교,공립,,63237 ,제주특별자치도 제주시 중앙로 518 (아라일동),064-702-2861,064-702-2864,http://jejuara.jje.es.kr
2019,유치원,,유치원,제주,제주시,제주시,영평초등학교병설유치원,본교,기존(원)교,공립,,63308 ,제주특별자치도 제주시 아봉로 225 . 영평초등학교(영평동),064-702-1307,064-702-1310,http://yeongpyeonp.jje.es.kr
2019,유치원,,유치원,제주,제주시,제주시,오라초등학교병설유치원,본교,기존(원)교,공립,,63145 ,제주특별자치도 제주시 연사길 48 (오라이동),064-720-4400,064-720-4499,http://ora.jje.es.kr
2019,유치원,,유치원,제주,제주시,제주시,외도초등학교병설유치원,본교,기존(원)교,공립,,63071 ,제주특별자치도 제주시 일주서로 7368 (외도이동),064-717-5571,064-717-5573,http://oedo.jje.es.kr
2019,유치원,,유치원,제주,제주시,제주시,인화초등학교병설유치원,본교,기존(원)교,공립,,63273 ,제주특별자치도 제주시 신산로15길 35 (일도이동),064-730-0975,064-724-3865,http://inhwa.jje.es.kr
2019,유치원,,유치원,제주,제주시,제주시,일도초등학교병설유치원,본교,기존(원)교,공립,,63269 ,제주특별자치도 제주시 삼성로9길 27 (일도이동),064-757-2870,064-756-2934,http://ildo.jje.es.kr
2019,유치원,,유치원,제주,제주시,제주시,제주남초등학교병설유치원,본교,기존(원)교,공립,,63169 ,제주특별자치도 제주시 남성로 149 (삼도이동),064-729-3704,064-729-3709,http://jejunam.jje.es.kr
2019,유치원,,유치원,제주,제주시,제주시,제주동초등학교병설유치원,본교,기존(원)교,공립,,63279 ,제주특별자치도 제주시 동문로 65 (건입동),064-754-0505,064-757-3115,http://jejudong.jje.es.kr
2019,유치원,,유치원,제주,제주시,제주시,제주북초등학교병설유치원,본교,기존(원)교,공립,,63166 ,제주특별자치도 제주시 중앙로8길 18 (삼도이동),064-723-1483,064-721-3496,http://jejubuk.jje.es.kr
2019,유치원,,유치원,제주,제주시,제주시,제주서초등학교병설유치원,본교,기존(원)교,공립,,63156 ,제주특별자치도 제주시 성화로6길 51 (용담이동),064-711-5944,064-711-5945,http://jeju-seo.jje.es.kr
2019,유치원,,유치원,제주,제주시,제주시,한천초등학교병설유치원,본교,기존(원)교,공립,,63174 ,제주특별자치도 제주시 남성로11길 22 (용담일동),064-755-4708,064-755-4167,http://hancheon.jje.es.kr
2019,유치원,,유치원,제주,제주시,제주시,월랑초등학교병설유치원,본교,기존(원)교,공립,,63096 ,제주특별자치도 제주시 남녕로 63 (노형동),064-717-3500,064-717-3505,http://wollang.jje.es.kr
2019,유치원,,유치원,제주,제주시,제주시,제주YMCA유치원,본교,기존(원)교,사립,,63168 ,제주특별자치도 제주시 관덕로2길 1 (삼도이동),064-758-6844,064-755-4405,http://kindergarten.jejuyca.kr
2019,유치원,,유치원,제주,제주시,제주시,제주까리따스유치원,본교,기존(원)교,사립,,63247 ,제주특별자치도 제주시 인다10길 19 (아라일동),064-702-5425,064-702-5424,http://jejucaritas.com
2019,유치원,,유치원,제주,제주시,제주시,마야유치원,본교,기존(원)교,사립,,63304 ,제주특별자치도 제주시 거로남6길 48 . 마야유치원 (화북이동),064-755-3131,064-755-3155,http://mayakindergarten.kidis.co.kr/
2019,유치원,,유치원,제주,제주시,제주시,연동유치원,본교,기존(원)교,사립,,63131 ,제주특별자치도 제주시 제원3길 3 (연동),064-746-1681,064-746-1671,http://www.e-ini.co.kr
2019,유치원,,유치원,제주,제주시,제주시,제주영락유치원,본교,기존(원)교,사립,,63251 ,제주특별자치도 제주시 동광로23길 15 (일도이동),064-753-1230,064-753-1257,http://www.jejuyn.com
2019,유치원,,유치원,제주,제주시,제주시,원명유치원,본교,휴(원)교,사립,,63293 ,제주특별자치도 제주시 원두길 34 (화북일동),064-755-3323,064-755-0880,http://www.wonkid.kr
2019,유치원,,유치원,제주,제주시,제주시,전원유치원,본교,기존(원)교,사립,,63232 ,제주특별자치도 제주시 구남동8길 1-6 (이도이동),064-722-5755,064-751-5755,http://www.jejujeonwon.co.kr
2019,유치원,,유치원,제주,제주시,제주시,제주중앙유치원,본교,기존(원)교,사립,,63252 ,제주특별자치도 제주시 고마로7길 11 (일도이동),064-758-7876,064-758-7875,http://www.jakid.kidswon.com
2019,유치원,,유치원,제주,제주시,제주시,해봉유치원,본교,기존(원)교,사립,,63142 ,제주특별자치도 제주시 삼동2길 21-7 (연동),064-747-9108,064-743-9108,http://www.haebong.co.kr
2019,유치원,,유치원,제주,제주시,제주시,동원유치원,본교,기존(원)교,사립,,63228 ,제주특별자치도 제주시 황새왓길 20 (이도이동),064-702-0012,064-702-0093,http://kid.jeju.ac.kr/
2019,유치원,,유치원,제주,제주시,제주시,제주엔젤유치원,본교,기존(원)교,사립,,63311 ,제주특별자치도 제주시 월평9길 2-8 (월평동),064-723-8004,064-723-8005,http://www.jejuangel.net
2019,유치원,,유치원,제주,제주시,제주시,한라유치원,본교,기존(원)교,사립,,63139 ,제주특별자치도 제주시 국기로2길 18 (연동),064-743-0675,064-743-0679,http://hallakid.co.kr
2019,유치원,,유치원,제주,제주시,제주시,제주충신유치원,본교,기존(원)교,사립,,63140 ,제주특별자치도 제주시 연화로2길 17-6 (연동),064-747-2033,064-747-2034,http://www.jchild.com
2019,유치원,,유치원,제주,제주시,제주시,금호유치원,본교,기존(원)교,사립,,63092 ,제주특별자치도 제주시 진군남2길 18 (노형동),064-741-2719,064-741-2716,http://www.geumho.org
2019,유치원,,유치원,제주,제주시,제주시,새순유치원,본교,기존(원)교,사립,,63104 ,제주특별자치도 제주시 수덕로 66 (노형동),064-744-0005,064-744-0125,http://www.saesoon.kidswon.com
2019,유치원,,유치원,제주,제주시,제주시,고산초등학교병설유치원,본교,기존(원)교,공립,,63008 ,제주특별자치도 제주시 한경면 고산로1길 16 (한경면),064-773-0829,064-772-5478,http://gosan.jje.es.kr
2019,유치원,,유치원,제주,제주시,제주시,구좌중앙초등학교병설유치원,본교,기존(원)교,공립,,63358 ,제주특별자치도 제주시 구좌읍 월정7길 1 (구좌읍),064-783-5308,064-783-9380,http://kujwa.jje.es.kr
2019,유치원,,유치원,제주,제주시,제주시,납읍초등학교병설유치원,본교,기존(원)교,공립,,63035 ,제주특별자치도 제주시 애월읍 납읍로2길 47 (애월읍),064-797-3408,064-797-3499,http://nabeup.jje.es.kr
2019,유치원,,유치원,제주,제주시,제주시,대흘초등학교병설유치원,본교,기존(원)교,공립,,63343 ,제주특별자치도 제주시 조천읍 중산간동로 677 (조천읍),064-780-3620,064-783-6625,http://daehul.jje.es.kr
2019,유치원,,유치원,제주,제주시,제주시,도남초등학교병설유치원,본교,기존(원)교,공립,,63204 ,제주특별자치도 제주시 도남로8길 22 (도남동),064-752-2702,064-752-2705,http://jejudonam.jje.es.kr
2019,유치원,,유치원,제주,제주시,제주시,물메초등학교병설유치원,본교,기존(원)교,공립,,63056 ,제주특별자치도 제주시 애월읍 엄수로 202-4 물메초등학교 병설유치원,064-717-8004,064-717-8099,http://mulme.jje.es.kr
2019,유치원,,유치원,제주,제주시,제주시,북촌초등학교병설유치원,본교,기존(원)교,공립,,63339 ,제주특별자치도 제주시 조천읍 일주동로 1481 (조천읍),064-717-3804,064-717-3881,http://bukchon.jje.es.kr
2019,유치원,,유치원,제주,제주시,제주시,세화초등학교병설유치원,본교,기존(원)교,공립,,63361 ,제주특별자치도 제주시 구좌읍 구좌로 65 (구좌읍),064-782-1116,064-782-7604,http://sehwa.jje.es.kr
2019,유치원,,유치원,제주,제주시,제주시,송당초등학교병설유치원,본교,기존(원)교,공립,,63355 ,제주특별자치도 제주시 구좌읍 중산간동로 2218-3 (구좌읍),064-780-6800,064-780-6899,http://songdang.jje.es.kr
2019,유치원,,유치원,제주,제주시,제주시,수원초등학교병설유치원,본교,기존(원)교,공립,,63026 ,제주특별자치도 제주시 한림읍 한림로 822 (한림읍),064-797-3140,064-796-0243,http://suwon.jje.es.kr
2019,유치원,,유치원,제주,제주시,제주시,신촌초등학교병설유치원,본교,기존(원)교,공립,,63337 ,제주특별자치도 제주시 조천읍 신북로 51 (조천읍),064-780-5767,064-780-5789,http://sinchon.jje.es.kr
2019,유치원,,유치원,제주,제주시,제주시,애월초등학교병설유치원,본교,기존(원)교,공립,,63043 ,제주특별자치도 제주시 애월읍 애월로 139-10 (애월읍),064-795-8900,064-795-8999,http://aewol.jje.es.kr
2019,유치원,,유치원,제주,제주시,제주시,어도초등학교병설유치원,본교,기존(원)교,공립,,63039 ,제주특별자치도 제주시 애월읍 봉성로 76 (애월읍),064-799-0519,064-799-0516,http://www.uhdo.es.kr
2019,유치원,,유치원,제주,제주시,제주시,우도초등학교병설유치원,본교,기존(원)교,공립,,63365 ,제주특별자치도 제주시 우도면 우도로 156-11 (우도면),064-786-4500,064-786-4599,http://udo.jje.es.kr
2019,유치원,,유치원,제주,제주시,제주시,장전초등학교병설유치원,본교,기존(원)교,공립,,63055 ,제주특별자치도 제주시 애월읍 장전로 122 (애월읍),064-798-2210,064-798-2250,http://jangjeon.jje.es.kr/
2019,유치원,,유치원,제주,제주시,제주시,재릉초등학교병설유치원,본교,기존(원)교,공립,,63011 ,제주특별자치도 제주시 한림읍 한림로 288-18 (한림읍),064-795-5780,064-795-5799,http://jaereung.jje.es.kr
2019,유치원,,유치원,제주,제주시,제주시,저청초등학교병설유치원,본교,기존(원)교,공립,,63006 ,제주특별자치도 제주시 한경면 중산간서로 3591 (한경면),064-798-1640,064-798-1649,http://jeocheong.jje.es.kr
2019,유치원,,유치원,제주,제주시,제주시,조천초등학교병설유치원,본교,기존(원)교,공립,,63331 ,제주특별자치도 제주시 조천읍 신북로 195 (조천읍. 조천초등학교),064-784-4601,064-782-4702,http://jocheon.jje.es.kr
2019,유치원,,유치원,제주,제주시,제주시,종달초등학교병설유치원,본교,기존(원)교,공립,,63364 ,제주특별자치도 제주시 구좌읍 종달로7길 5 (구좌읍),064-783-3189,064-784-2441,http://jongdal.jje.es.kr
2019,유치원,,유치원,제주,제주시,제주시,추자초등학교병설유치원,본교,기존(원)교,공립,,63000 ,제주특별자치도 제주시 추자면 대서3길 10 (추자면.추자초등학교병설유치원),064-742-8531,064-742-3648,http://chuja.jje.es.kr
2019,유치원,,유치원,제주,제주시,제주시,추자초등학교병설신양분교장유치원,본교,휴(원)교,공립,,63001 ,제주특별자치도 제주시 추자면 추자로 553-10 (추자면),064-742-8532,064-742-8422,http://chuja.jje.es.kr
2019,유치원,,유치원,제주,제주시,제주시,평대초등학교병설유치원,본교,기존(원)교,공립,,63360 ,제주특별자치도 제주시 구좌읍 일주동로 2979 (구좌읍),064-750-6830,064-750-6805,http://pyungdae.jje.es.kr
2019,유치원,,유치원,제주,제주시,제주시,하귀초등학교병설유치원,본교,기존(원)교,공립,,63051 ,제주특별자치도 제주시 애월읍 하귀로 44 (애월읍),064-713-9006,064-713-7655,http://hagwi.jje.es.kr
2019,유치원,,유치원,제주,제주시,제주시,하도초등학교병설유치원,본교,기존(원)교,공립,,63363 ,제주특별자치도 제주시 구좌읍 일주동로 3378 (구좌읍),064-782-6898,064-784-4004,http://www.hado.es.kr
2019,유치원,,유치원,제주,제주시,제주시,한동초등학교병설유치원,본교,기존(원)교,공립,,63359 ,제주특별자치도 제주시 구좌읍 일주동로 2831 (구좌읍),064-783-2354,064-783-3467,http://handong.jje.es.kr
2019,유치원,,유치원,제주,제주시,제주시,한림초등학교병설유치원,본교,기존(원)교,공립,,63032 ,제주특별자치도 제주시 한림읍 한림로4길 16 (한림읍),064-797-3070,064-797-3075,http://hallim.jje.es.kr
2019,유치원,,유치원,제주,제주시,제주시,함덕초등학교병설유치원,본교,기존(원)교,공립,,63333 ,제주특별자치도 제주시 조천읍 일주동로 1231 (조천읍),064-780-4507,064-780-4566,http://hamdeok.jje.es.kr
2019,유치원,,유치원,제주,제주시,제주시,한림성모유치원,본교,기존(원)교,사립,,63030 ,제주특별자치도 제주시 한림읍 한수풀로 28-4 (한림읍),064-796-3588,064-796-9588,http://hallimsungmo.kidswon.com/
2019,유치원,,유치원,제주,제주시,제주시,제주관광대학교부속유치원,본교,기존(원)교,사립,,63062 ,제주특별자치도 제주시 애월읍 평화로 2755-1 . 제주관광대학교부속유치원 (애월읍),064-746-9220,064-746-9223,http://www.jtukid.co.kr/
2019,유치원,,유치원,제주,제주시,제주시,광령초등학교병설유치원,본교,기존(원)교,공립,,63062 ,제주특별자치도 제주시 애월읍 광성로 276 (애월읍),064-748-4089,064-748-4093,http://gwang-r.jje.es.kr
2019,유치원,,유치원,제주,제주시,제주시,구엄초등학교병설유치원,본교,기존(원)교,공립,,63049 ,제주특별자치도 제주시 애월읍 일주서로 6768 (애월읍),064-713-5191,064-713-6567,http://gueom.jje.es.kr
2019,유치원,,유치원,제주,제주시,제주시,귀덕초등학교병설유치원,본교,기존(원)교,공립,,63024 ,제주특별자치도 제주시 한림읍 귀덕14길 14-5 (한림읍),064-795-7788,064-795-7799,http://gwideok.jje.es.kr
2019,유치원,,유치원,제주,제주시,제주시,김녕초등학교병설유치원,본교,기존(원)교,공립,,63357 ,제주특별자치도 제주시 구좌읍 김녕로 117 (구좌읍),064-783-2113,064-784-4077,http://kimnyeong.jje.es.kr
2019,유치원,,유치원,제주,제주시,제주시,이도초등학교병설유치원,본교,기존(원)교,공립,,63233 ,제주특별자치도 제주시 구남동2길 58 (이도이동),064-754-5200,064-754-5209,http://ido.jje.es.kr
2019,유치원,,유치원,제주,제주시,제주시,제주중앙초등학교병설유치원,본교,기존(원)교,공립,,63175 ,제주특별자치도 제주시 서사로18길 40 (삼도일동),064-729-3800,064-729-3838,http://jejujungang.jje.es.kr
2019,유치원,,유치원,제주,제주시,제주시,하귀일초등학교병설유치원,본교,기존(원)교,공립,,63054 ,제주특별자치도 제주시 애월읍 하귀9길 42 (애월읍. 하귀일초등학교),064-795-0800,064-795-0899,http://hagwiil.jje.es.kr
2019,유치원,,유치원,제주,제주시,제주시,삼화초등학교병설유치원,본교,기존(원)교,공립,,63303 ,제주특별자치도 제주시 화삼북로 2길 27 (화북일동),064-750-3405,064-750-3497,http://jj-samhwa.jje.es.kr
2019,유치원,,유치원,제주,제주시,제주시,신광초등학교병설유치원,본교,기존(원)교,공립,,63127 ,제주특별자치도 제주시 성신로 25 (연동),064-741-0870,064-741-0876,http://jeju-sk.jje.es.kr/
2019,유치원,,유치원,제주,제주시,제주시,도련초등학교병설유치원,본교,기존(원)교,공립,,63324 ,제주특별자치도 제주시 화삼로 104 (도련일동),064-754-1397,064-754-1227,http://doryeon.jje.es.kr
2019,유치원,,유치원,제주,제주시,제주시,도평초등학교병설유치원,본교,기존(원)교,공립,,63076 ,제주특별자치도 제주시 도평길 17 (도평동),064-740-0170,064-740-0199,http://jejudopyeong.jje.es.kr
2019,유치원,,유치원,제주,제주시,제주시,동광초등학교병설유치원,본교,기존(원)교,공립,,63260 ,제주특별자치도 제주시 태성로 6 (일도이동. 동광초등학교),064-729-5870,064-722-7109,http://donggwang.jje.es.kr
2019,유치원,,유치원,제주,제주시,제주시,백록초등학교병설유치원,본교,기존(원)교,공립,,63101 ,제주특별자치도 제주시 정존5길 62 (노형동. 백록초등학교),064-746-9457,064-746-9458,http://bn.jje.es.kr/
2019,유치원,,유치원,제주,제주시,제주시,김녕초등학교병설동복분교장유치원,본교,기존(원)교,공립,,63347 ,제주특별자치도 제주시 구좌읍 동복로 66-5 (구좌읍. 김녕초등학교분교장),064-780-5920,064-780-5990,http://kimnyeong.jje.es.kr/
2019,유치원,,유치원,제주,제주시,제주시,신창초등학교병설유치원,본교,기존(원)교,공립,,63002 ,제주특별자치도 제주시 한경면 두신로 72 (한경면. 신창초등학교),064-795-0730,064-772-0792,http://sinchang.jje.es.kr
2019,유치원,,유치원,제주,제주시,제주시,화북초등학교병설유치원,본교,기존(원)교,공립,,63293 ,제주특별자치도 제주시 일주동로 157 (화북일동. 화북초등학교병설유치원),064-720-7500,064-720-7599,http://hwabuk.jje.es.kr
2019,초등학교,,초등학교,제주,제주시,제주시,제주대학교교육대학부설초등학교,본교,기존(원)교,국립,,63294 ,제주특별자치도 제주시 일주동로 61 (화북일동),064-755-0051,064-755-2311,http://jejubuseol.jje.es.kr
2019,초등학교,,초등학교,제주,제주시,제주시,광양초등학교,본교,기존(원)교,공립,,63197 ,제주특별자치도 제주시 돈내길 5 (이도일동),064-754-6900,064-756-0014,http://jeju-gwyang.jje.es.kr
2019,초등학교,,초등학교,제주,제주시,제주시,남광초등학교,본교,기존(원)교,공립,,63231 ,제주특별자치도 제주시 남광로 28 (이도이동),064-754-7500,064-723-3055,http://www.namgwang.es.kr
2019,초등학교,,초등학교,제주,제주시,제주시,노형초등학교,본교,기존(원)교,공립,,63102 ,제주특별자치도 제주시 노형로 383 (노형동),064-740-8400,064-744-8829,http://nohyung.jje.es.kr
2019,초등학교,,초등학교,제주,제주시,제주시,도남초등학교,본교,기존(원)교,공립,,63204 ,제주특별자치도 제주시 도남로8길 22 (도남동.도남초등학교),064-728-0700,064-728-0799,http://jejudonam.jje.es.kr
2019,초등학교,,초등학교,제주,제주시,제주시,도리초등학교,본교,기존(원)교,공립,,63112 ,제주특별자치도 제주시 도리로 129 . 도리초등학교 (도두일동),064-717-4600,064-717-4699,http://dori.jje.es.kr
2019,초등학교,,초등학교,제주,제주시,제주시,동광초등학교,본교,기존(원)교,공립,,63260 ,제주특별자치도 제주시 태성로 6 (일도이동),064-729-5800,064-722-7109,http://donggwang.jje.es.kr
2019,초등학교,,초등학교,제주,제주시,제주시,동화초등학교,본교,기존(원)교,공립,,63301 ,제주특별자치도 제주시 동화로1길 44 (화북일동. 동화초등학교),064-729-5700,064-729-5789,http://donghwa.jje.es.kr
2019,초등학교,,초등학교,제주,제주시,제주시,봉개초등학교,본교,기존(원)교,공립,,63313 ,제주특별자치도 제주시 번영로 484 (봉개동),064-721-0012,064-721-3384,http://bonggae.jje.es.kr
2019,초등학교,,초등학교,제주,제주시,제주시,삼성초등학교,본교,기존(원)교,공립,,63199 ,제주특별자치도 제주시 서광로29길 35 (이도일동),064-720-0700,064-721-1778,http://samsung.jje.es.kr/
2019,초등학교,,초등학교,제주,제주시,제주시,삼양초등학교,본교,기존(원)교,공립,,63321 ,제주특별자치도 제주시 지석14길 7 (삼양이동),064-729-6800,064-729-6888,http://j-samyang.jje.es.kr
2019,초등학교,,초등학교,제주,제주시,제주시,신광초등학교,본교,기존(원)교,공립,,63127 ,제주특별자치도 제주시 성신로 25 (연동),064-741-0800,064-741-0801,http://jeju-sk.jje.es.kr/
2019,초등학교,,초등학교,제주,제주시,제주시,신제주초등학교,본교,기존(원)교,공립,,63135 ,제주특별자치도 제주시 비월길 29 . 신제주초등학교 (연동),064-747-6122,064-747-6125,http://shinjeju.jje.es.kr
2019,초등학교,,초등학교,제주,제주시,제주시,아라초등학교,본교,기존(원)교,공립,,63237 ,제주특별자치도 제주시 중앙로 518 (아라일동. 아라초등학교),064-702-2861,064-702-2864,http://jejuara.jje.es.kr
2019,초등학교,,초등학교,제주,제주시,제주시,영평초등학교,본교,기존(원)교,공립,,63308 ,제주특별자치도 제주시 아봉로 225 . 영평초등학교 (영평동),064-702-1305,064-702-1310,http://yeongpyeonp.jje.es.kr
2019,초등학교,,초등학교,제주,제주시,제주시,오라초등학교,본교,기존(원)교,공립,,63145 ,제주특별자치도 제주시 연사길 48 . 1380번지 (오라이동),064-720-4400,064-720-4499,http://ora.jje.es.kr
2019,초등학교,,초등학교,제주,제주시,제주시,외도초등학교,본교,기존(원)교,공립,,63071 ,제주특별자치도 제주시 일주서로 7368 (외도이동),064-717-5500,064-743-2861,http://oedo.jje.es.kr
2019,초등학교,,초등학교,제주,제주시,제주시,인화초등학교,본교,기존(원)교,공립,,63273 ,제주특별자치도 제주시 신산로15길 35 (일도이동.인화초등학교),064-730-0900,064-724-3865,http://inhwa.jje.es.kr
2019,초등학교,,초등학교,제주,제주시,제주시,일도초등학교,본교,기존(원)교,공립,,63269 ,제주특별자치도 제주시 삼성로9길 27 . 일도초등학교 (일도이동),064-757-2870,064-756-2934,http://ildo.jje.es.kr
2019,초등학교,,초등학교,제주,제주시,제주시,제주남초등학교,본교,기존(원)교,공립,,63169 ,제주특별자치도 제주시 남성로 149 (삼도이동),064-729-3700,064-729-3709,http://jejunam.jje.es.kr
2019,초등학교,,초등학교,제주,제주시,제주시,제주동초등학교,본교,기존(원)교,공립,,63279 ,제주특별자치도 제주시 동문로 65 (건입동),064-754-0505,064-757-3115,http://jejudong.jje.es.kr
2019,초등학교,,초등학교,제주,제주시,제주시,제주북초등학교,본교,기존(원)교,공립,,63166 ,제주특별자치도 제주시 중앙로8길 18 (삼도이동.제주북초등학교),064-717-3300,064-717-3399,http://jejubuk.jje.es.kr
2019,초등학교,,초등학교,제주,제주시,제주시,제주서초등학교,본교,기존(원)교,공립,,63156 ,제주특별자치도 제주시 성화로6길 51 (용담이동),064-720-7300,064-711-5933,http://jeju-seo.jje.es.kr
2019,초등학교,,초등학교,제주,제주시,제주시,제주중앙초등학교,본교,기존(원)교,공립,,63175 ,제주특별자치도 제주시 서사로18길 40 (삼도일동),064-729-3800,064-729-3838,http://jejujungang.jje.es.kr
2019,초등학교,,초등학교,제주,제주시,제주시,한천초등학교,본교,기존(원)교,공립,,63174 ,제주특별자치도 제주시 남성로11길 22 (용담일동 254-1),064-755-4146,064-755-4167,http://hancheon.jje.es.kr
2019,초등학교,,초등학교,제주,제주시,제주시,화북초등학교,본교,기존(원)교,공립,,63293 ,제주특별자치도 제주시 일주동로 157 (화북일동),064-720-7500,064-720-7599,http://hwabuk.jje.es.kr
2019,초등학교,,초등학교,제주,제주시,제주시,해안초등학교,본교,기존(원)교,공립,,63077 ,제주특별자치도 제주시 해안마을길 76 (해안동),064-745-4006,064-746-8980,http://haeahn.jje.es.kr
2019,초등학교,,초등학교,제주,제주시,제주시,도평초등학교,본교,기존(원)교,공립,,63076 ,제주특별자치도 제주시 도평길 17 (도평동),064-740-0103,064-740-0199,http://jejudopyeong.jje.es.kr
2019,초등학교,,초등학교,제주,제주시,제주시,한라초등학교,본교,기존(원)교,공립,,63090 ,제주특별자치도 제주시 연화로 42 (노형동. 한라초등학교),064-740-9500,064-740-9699,http://halla.jje.es.kr
2019,초등학교,,초등학교,제주,제주시,제주시,백록초등학교,본교,기존(원)교,공립,,63101 ,제주특별자치도 제주시 정존5길 62 . 백록초등학교 (노형동),064-746-9452,064-746-9455,http://bn.jje.es.kr
2019,초등학교,,초등학교,제주,제주시,제주시,월랑초등학교,본교,기존(원)교,공립,,63096 ,제주특별자치도 제주시 남녕로 63 (노형동.월랑초등학교),064-717-3500,064-717-3505,http://wollang.jje.es.kr
2019,초등학교,,초등학교,제주,제주시,제주시,고산초등학교,본교,기존(원)교,공립,,63008 ,제주특별자치도 제주시 한경면 고산로1길 16 (한경면. 고산초등학교),064-773-0829,064-772-5478,http://gosan.jje.es.kr
2019,초등학교,,초등학교,제주,제주시,제주시,곽금초등학교,본교,기존(원)교,공립,,63034 ,제주특별자치도 제주시 애월읍 일주서로 6000 (애월읍),064-799-0020,064-799-2247,http://gwakgeum.jje.es.kr
2019,초등학교,,초등학교,제주,제주시,제주시,광령초등학교,본교,기존(원)교,공립,,63062 ,제주특별자치도 제주시 애월읍 광성로 276 (애월읍. 광령초등학교),064-748-4086,064-748-4093,http://gwang-r.jje.es.kr
2019,초등학교,,초등학교,제주,제주시,제주시,구엄초등학교,본교,기존(원)교,공립,,63049 ,제주특별자치도 제주시 애월읍 일주서로 6768 (애월읍.구엄초등학교),064-713-5191,064-713-6567,http://gueom.jje.es.kr
2019,초등학교,,초등학교,제주,제주시,제주시,구좌중앙초등학교,본교,기존(원)교,공립,,63358 ,제주특별자치도 제주시 구좌읍 월정7길 1 (구좌읍),064-783-5308,064-783-9380,http://kujwa.jje.es.kr
2019,초등학교,,초등학교,제주,제주시,제주시,귀덕초등학교,본교,기존(원)교,공립,,63024 ,제주특별자치도 제주시 한림읍 귀덕14길 14-5 . 귀덕초등학교 (한림읍),064-795-7700,064-796-7799,http://gwideok.jje.es.kr
2019,초등학교,,초등학교,제주,제주시,제주시,금악초등학교,본교,기존(원)교,공립,,63019 ,제주특별자치도 제주시 한림읍 금악남2길 1 (한림읍),064-796-3589,064-796-4086,http://geumak.jje.es.kr
2019,초등학교,,초등학교,제주,제주시,제주시,김녕초등학교,본교,기존(원)교,공립,,63357 ,제주특별자치도 제주시 구좌읍 김녕로 117 (구좌읍),064-783-5024,064-784-4077,http://kimnyeong.jje.es.kr
2019,초등학교,,초등학교,제주,제주시,제주시,납읍초등학교,본교,기존(원)교,공립,,63035 ,제주특별자치도 제주시 애월읍 납읍로2길 47 . 납읍초등학교 (애월읍),064-797-3408,064-797-3499,http://www.nabeup.jje.es.kr
2019,초등학교,,초등학교,제주,제주시,제주시,대흘초등학교,본교,기존(원)교,공립,,63343 ,제주특별자치도 제주시 조천읍 중산간동로 677 (조천읍),064-780-3600,064-783-6625,http://daehul.jje.es.kr
2019,초등학교,,초등학교,제주,제주시,제주시,물메초등학교,본교,기존(원)교,공립,,63056 ,제주특별자치도 제주시 애월읍 엄수로 202-4 물메초등학교,064-717-8000,064-717-8099,http://mulme.jje.es.kr
2019,초등학교,,초등학교,제주,제주시,제주시,북촌초등학교,본교,기존(원)교,공립,,63339 ,제주특별자치도 제주시 조천읍 일주동로 1481 (조천읍),064-717-3800,064-717-3881,http://bukchon.jje.es.kr
2019,초등학교,,초등학교,제주,제주시,제주시,세화초등학교,본교,기존(원)교,공립,,63361 ,제주특별자치도 제주시 구좌읍 구좌로 65 (구좌읍),064-783-2640,064-782-7604,http://sehwa.jje.es.kr
2019,초등학교,,초등학교,제주,제주시,제주시,송당초등학교,본교,기존(원)교,공립,,63355 ,제주특별자치도 제주시 구좌읍 중산간동로 2218-3 (구좌읍),064-780-6800,064-780-6899,http://songdang.jje.es.kr
2019,초등학교,,초등학교,제주,제주시,제주시,수원초등학교,본교,기존(원)교,공립,,63026 ,제주특별자치도 제주시 한림읍 한림로 822 (한림읍),064-797-3100,064-796-0243,http://suwon.jje.es.kr
2019,초등학교,,초등학교,제주,제주시,제주시,신창초등학교,본교,기존(원)교,공립,,63002 ,제주특별자치도 제주시 한경면 두신로 72 (한경면),064-795-0730,064-772-4739,http://sinchang.jje.es.kr
2019,초등학교,,초등학교,제주,제주시,제주시,신촌초등학교,본교,기존(원)교,공립,,63337 ,제주특별자치도 제주시 조천읍 신북로 51 . 신촌초등학교 (조천읍),064-780-5700,064-780-5789,http://sinchon.jje.es.kr
2019,초등학교,,초등학교,제주,제주시,제주시,애월초등학교,본교,기존(원)교,공립,,63043 ,제주특별자치도 제주시 애월읍 애월로 139-10 (애월읍),064-795-8900,064-795-8999,http://aewol.jje.es.kr
2019,초등학교,,초등학교,제주,제주시,제주시,어도초등학교,본교,기존(원)교,공립,,63039 ,제주특별자치도 제주시 애월읍 봉성로 76 . 어도초등학교 (애월읍),064-799-0519,064-799-0516,http://uhdo.jje.es.kr
2019,초등학교,,초등학교,제주,제주시,제주시,우도초등학교,본교,기존(원)교,공립,,63365 ,제주특별자치도 제주시 우도면 우도로 156-11 (우도면),064-786-4500,064-786-4599,http://udo.jje.es.kr
2019,초등학교,,초등학교,제주,제주시,제주시,장전초등학교,본교,기존(원)교,공립,,63055 ,제주특별자치도 제주시 애월읍 장전로 122 . 장전초등학교 (애월읍),064-798-2200,064-798-2250,http://jangjeon.jje.es.kr
2019,초등학교,,초등학교,제주,제주시,제주시,재릉초등학교,본교,기존(원)교,공립,,63011 ,제주특별자치도 제주시 한림읍 한림로 288-18 (한림읍),064-795-5700,064-795-5799,http://jaereung.jje.es.kr
2019,초등학교,,초등학교,제주,제주시,제주시,저청초등학교,본교,기존(원)교,공립,,63006 ,제주특별자치도 제주시 한경면 중산간서로 3591 (한경면),064-798-1600,064-798-1649,http://jeocheong.jje.es.kr
2019,초등학교,,초등학교,제주,제주시,제주시,조천초등학교,본교,기존(원)교,공립,,63331 ,제주특별자치도 제주시 조천읍 신북로 195 (조천읍. 조천초등학교),064-783-4702,064-782-4702,http://jocheon.jje.es.kr
2019,초등학교,,초등학교,제주,제주시,제주시,종달초등학교,본교,기존(원)교,공립,,63364 ,제주특별자치도 제주시 구좌읍 종달로7길 5 (구좌읍),064-783-3689,064-784-2441,http://jongdal.jje.es.kr
2019,초등학교,,초등학교,제주,제주시,제주시,추자초등학교,본교,기존(원)교,공립,,63000 ,제주특별자치도 제주시 추자면 대서3길 10 (추자면.추자초등학교),064-742-8431,064-742-3648,http://chuja.jje.es.kr
2019,초등학교,,초등학교,제주,제주시,제주시,평대초등학교,본교,기존(원)교,공립,,63360 ,제주특별자치도 제주시 구좌읍 일주동로 2979 (구좌읍),064-750-6800,064-750-6805,http://pyungdae.jje.es.kr
2019,초등학교,,초등학교,제주,제주시,제주시,하귀초등학교,본교,기존(원)교,공립,,63051 ,제주특별자치도 제주시 애월읍 하귀로 44 (애월읍),064-713-4005,064-713-7655,http://hagwi.jje.es.kr
2019,초등학교,,초등학교,제주,제주시,제주시,하도초등학교,본교,기존(원)교,공립,,63363 ,제주특별자치도 제주시 구좌읍 일주동로 3378 . 하도초등학교 (구좌읍),064-783-3004,064-784-4004,http://hado.jje.es.kr/
2019,초등학교,,초등학교,제주,제주시,제주시,한동초등학교,본교,기존(원)교,공립,,63359 ,제주특별자치도 제주시 구좌읍 일주동로 2831 (구좌읍),064-783-2354,064-783-3467,http://handong.jje.es.kr
2019,초등학교,,초등학교,제주,제주시,제주시,한림초등학교,본교,기존(원)교,공립,,63032 ,제주특별자치도 제주시 한림읍 한림로4길 16 (한림읍. 한림초등학교),064-797-3000,064-797-3080,http://hallim.jje.es.kr
2019,초등학교,,초등학교,제주,제주시,제주시,함덕초등학교,본교,기존(원)교,공립,,63333 ,제주특별자치도 제주시 조천읍 일주동로 1231 . 함덕초등학교 (조천읍),064-780-4500,064-780-4566,http://hamdeok.jje.es.kr
2019,초등학교,,초등학교,제주,제주시,제주시,김녕초등학교동복분교장,분교장,기존(원)교,공립,,63347 ,제주특별자치도 제주시 구좌읍 동복로 66-5 (구좌읍.김녕초등학교분교장),064-780-5900,064-780-5990,http://kimnyeong.jje.es.kr
2019,초등학교,,초등학교,제주,제주시,제주시,더럭초등학교,본교,기존(원)교,공립,,63036 ,제주특별자치도 제주시 애월읍 하가로 195 (애월읍),064-797-7200,064-797-7299,http://deoreok.jje.es.kr/
2019,초등학교,,초등학교,제주,제주시,제주시,조천초등학교교래분교장,분교장,기존(원)교,공립,,63346 ,제주특별자치도 제주시 조천읍 비자림로 672 (조천읍. 조천초등학교교래분교장),064-783-9744,064-784-9744,http://jocheon.jje.es.kr
2019,초등학교,,초등학교,제주,제주시,제주시,추자초등학교신양분교장,분교장,기존(원)교,공립,,63001 ,제주특별자치도 제주시 추자면 추자로 553-10 . 추자초등학교신양분교장 (추자면),064-742-8421,064-742-8422,http://chuja.jje.es.kr
2019,초등학교,,초등학교,제주,제주시,제주시,한림초등학교비양분교장,분교장,휴(원)교,공립,,63033 ,제주특별자치도 제주시 한림읍 비양도길 270 (한림읍),064-796-8479,064-796-7816,http://hallim.jje.es.kr
2019,초등학교,,초등학교,제주,제주시,제주시,함덕초등학교선인분교장,분교장,기존(원)교,공립,,63341 ,제주특별자치도 제주시 조천읍 선진길 7-18 . 함덕초등학교선인분교장 (조천읍),064-783-8612,064-783-8622,http://hamdeok.jje.es.kr
2019,초등학교,,초등학교,제주,제주시,제주시,함덕초등학교선흘분교장,분교장,기존(원)교,공립,,63340 ,제주특별자치도 제주시 조천읍 선흘동1길 41 (조천읍),064-783-8526,064-784-8526,http://hamdeok.jje.es.kr
2019,초등학교,,초등학교,제주,제주시,제주시,이도초등학교,본교,기존(원)교,공립,,63233 ,제주특별자치도 제주시 구남동2길 58 . 이도초등학교 (이도이동),064-754-5200,064-754-5209,http://ido.jje.es.kr
2019,초등학교,,초등학교,제주,제주시,제주시,하귀일초등학교,본교,기존(원)교,공립,,63054 ,제주특별자치도 제주시 애월읍 하귀9길 42 (애월읍. 하귀일초등학교),064-795-0800,064-795-0899,http://hagwiil.jje.es.kr
2019,초등학교,,초등학교,제주,제주시,제주시,삼화초등학교,본교,기존(원)교,공립,,63303 ,제주특별자치도 제주시 화삼북로2길 27 (화북일동),064-750-3400,064-750-3497,http://jj-samhwa.jje.es.kr
2019,초등학교,,초등학교,제주,제주시,제주시,도련초등학교,본교,기존(원)교,공립,,63324 ,제주특별자치도 제주시 화삼로 104 . 도련초등학교 (도련일동),064-754-9500,064-754-9595,http://doryeon.jje.es.kr
2019,중학교,,일반중학교,제주,제주시,제주시,제주대학교사범대학부설중학교,본교,기존(원)교,국립,남여공학,63151 ,제주특별자치도 제주시 용담로7길 33 (용담삼동),064-754-6205,064-754-6210,http://jnum.jje.ms.kr
2019,중학교,,일반중학교,제주,제주시,제주시,제주동여자중학교,본교,기존(원)교,공립,여자,63215 ,제주특별자치도 제주시 천수로 24 (이도이동. 제주동여자중학교),064-754-7900,064-754-7999,http://hansol.jje.ms.kr
2019,중학교,,일반중학교,제주,제주시,제주시,제주동중학교,본교,기존(원)교,공립,남여공학,63300 ,제주특별자치도 제주시 동화로 12-1 (화북일동. 제주동중학교),064-741-0100,064-741-0199,http://jejudong.jje.ms.kr
2019,중학교,,일반중학교,제주,제주시,제주시,제주서중학교,본교,기존(원)교,공립,남여공학,63116 ,제주특별자치도 제주시 일주서로 7811 . 제주서중학교 (연동),064-747-0391,064-747-0397,http://jejuseo.jje.ms.kr
2019,중학교,,일반중학교,제주,제주시,제주시,아라중학교,본교,기존(원)교,공립,남여공학,63246 ,제주특별자치도 제주시 간월동로 30 . 아라중학교 (아라이동),064-750-6700,064-750-6799,http://ara.jje.ms.kr
2019,중학교,,일반중학교,제주,제주시,제주시,제주제일중학교,본교,기존(원)교,공립,남자,63224 ,제주특별자치도 제주시 남광로 33 . 제주제일중학교 (이도이동),064-750-3206,064-756-5977,http://jeil.jje.ms.kr/
2019,중학교,,일반중학교,제주,제주시,제주시,제주중앙여자중학교,본교,기존(원)교,공립,여자,63178 ,제주특별자치도 제주시 서사로11길 8 . (제주중앙여자중학교) (삼도이동),064-710-9700,064-721-5766,http://jag.jje.ms.kr
2019,중학교,,일반중학교,제주,제주시,제주시,제주중앙중학교,본교,기존(원)교,공립,남자,63121 ,제주특별자치도 제주시 선덕로5길 37 (연동.제주중앙중학교),064-728-0800,064-728-0890,http://jungang.jje.ms.kr
2019,중학교,,일반중학교,제주,제주시,제주시,한라중학교,본교,기존(원)교,공립,남여공학,63090 ,제주특별자치도 제주시 과원북2길 24 . 한라중학교 (노형동),064-766-3100,064-745-4518,http://halla.jje.ms.kr
2019,중학교,,일반중학교,제주,제주시,제주시,탐라중학교,본교,기존(원)교,공립,남여공학,63229 ,제주특별자치도 제주시 신설로 56 (아라이동),064-754-5000,064-754-5005,http://tamna.jje.ms.kr
2019,중학교,,일반중학교,제주,제주시,제주시,신성여자중학교,본교,기존(원)교,사립,여자,63308 ,제주특별자치도 제주시 아봉로 174-5 . 신성여자중학교 (영평동),064-729-7400,064-724-7138,http://shinseong.jje.ms.kr
2019,중학교,,일반중학교,제주,제주시,제주시,오현중학교,본교,기존(원)교,사립,남자,63293 ,제주특별자치도 제주시 일주동로 101 . 오현중학교 (화북일동),064-755-9252,064-755-9256,http://ohyun.jje.ms.kr
2019,중학교,,일반중학교,제주,제주시,제주시,제주여자중학교,본교,기존(원)교,사립,여자,63236 ,제주특별자치도 제주시 구산로 50 . 제주여자중학교 (아라일동),064-729-1300,064-729-1333,http://www.jeju-girls.ms.kr
2019,중학교,,일반중학교,제주,제주시,제주시,제주중학교,본교,기존(원)교,사립,남자,63153 ,제주특별자치도 제주시 서문로 47 . 제주중학교 (용담일동),064-750-7000,064-750-7001,http://jeju.jje.ms.kr
2019,중학교,,일반중학교,제주,제주시,제주시,김녕중학교,본교,기존(원)교,공립,남여공학,63357 ,제주특별자치도 제주시 구좌읍 김녕로 118-20 (구좌읍),064-786-0800,064-786-0808,http://gimnyeong.jje.ms.kr
2019,중학교,,일반중학교,제주,제주시,제주시,세화중학교,본교,기존(원)교,공립,남여공학,63361 ,제주특별자치도 제주시 구좌읍 일주동로 3132 . 세화중학교 (구좌읍),064-786-5700,064-786-5799,http://sehwa.jje.ms.kr
2019,중학교,,일반중학교,제주,제주시,제주시,신엄중학교,본교,기존(원)교,공립,남여공학,63047 ,제주특별자치도 제주시 애월읍 일주서로 6711 (애월읍),064-798-7900,064-798-7909,http://shinum.jje.ms.kr
2019,중학교,,일반중학교,제주,제주시,제주시,신창중학교,본교,기존(원)교,공립,남여공학,63002 ,제주특별자치도 제주시 한경면 두신로 72 (한경면),064-795-0730,064-772-4739,http://sinchang.jje.ms.kr
2019,중학교,,일반중학교,제주,제주시,제주시,애월중학교,본교,기존(원)교,공립,남여공학,63043 ,제주특별자치도 제주시 애월읍 애월로15길 8 (애월읍),064-740-0700,064-740-0799,http://aewol.jje.ms.kr
2019,중학교,,일반중학교,제주,제주시,제주시,우도중학교,본교,기존(원)교,공립,남여공학,63365 ,제주특별자치도 제주시 우도면 우도로 156-11 (우도면),064-786-4500,064-786-4599,http://udo.jje.ms.kr
2019,중학교,,일반중학교,제주,제주시,제주시,저청중학교,본교,기존(원)교,공립,남여공학,63006 ,제주특별자치도 제주시 한경면 중산간서로 3590 (한경면),064-798-1600,064-798-1699,http://jeocheong.jje.ms.kr
2019,중학교,,일반중학교,제주,제주시,제주시,조천중학교,본교,기존(원)교,공립,남여공학,63337 ,제주특별자치도 제주시 조천읍 신북로 31. 조천중학교(조천읍),064-780-0774,064-782-6455,http://jocheon.jje.ms.kr
2019,중학교,,일반중학교,제주,제주시,제주시,추자중학교,본교,기존(원)교,공립,남여공학,63001 ,제주특별자치도 제주시 추자면 신양3길 15 (추자면),064-742-8412,064-742-0185,http://chuja.jje.ms.kr
2019,중학교,,일반중학교,제주,제주시,제주시,한림여자중학교,본교,기존(원)교,공립,여자,63032 ,제주특별자치도 제주시 한림읍 한림로 604 (한림읍),064-795-0200,064-796-7936,http://hallim-g.jje.ms.kr
2019,중학교,,일반중학교,제주,제주시,제주시,한림중학교,본교,기존(원)교,공립,남자,63013 ,제주특별자치도 제주시 한림읍 명월성로 21 (한림읍. 한림중학교),064-797-7141,064-796-7147,http://hallim.jje.ms.kr
2019,중학교,,일반중학교,제주,제주시,제주시,함덕중학교,본교,기존(원)교,공립,남여공학,63334 ,제주특별자치도 제주시 조천읍 일주동로 1234 (조천읍. 함덕중학교),064-780-5800,064-780-5899,http://hamdeok.jje.ms.kr
2019,중학교,,일반중학교,제주,제주시,제주시,고산중학교,본교,기존(원)교,공립,남여공학,63008 ,제주특별자치도 제주시 한경면 용고로 70 (한경면. 고산중학교),064-795-8260,064-772-5977,http://gosan.jje.ms.kr/
2019,중학교,,일반중학교,제주,제주시,제주시,귀일중학교,본교,기존(원)교,사립,남여공학,63051 ,제주특별자치도 제주시 애월읍 항몽로 44 (애월읍),064-766-8100,064-713-6131,http://kwiil.jje.ms.kr
2019,중학교,,일반중학교,제주,제주시,제주시,노형중학교,본교,기존(원)교,공립,남여공학,63088 ,제주특별자치도 제주시 노형1길 28 . 노형중학교 (노형동),064-740-8901,064-740-8906,http://nohyeong.jje.ms.kr
2019,중학교,,일반중학교,제주,제주시,제주시,오름중학교,본교,기존(원)교,공립,남여공학,63323 ,제주특별자치도 제주시 화삼북로 110 (도련일동),064-754-9400,064-754-9439,http://oreum.jje.ms.kr
2019,유치원,,유치원,제주,서귀포시,서귀포시,가파초등학교병설유치원,본교,기존(원)교,공립,,63514 ,제주특별자치도 서귀포시 대정읍 가파로67번길 45 (대정읍.가파초등학교병설유치원),064-794-6711,064-794-5764,http://gapa.jje.es.kr
2019,유치원,,유치원,제주,서귀포시,서귀포시,강정초등학교병설유치원,본교,기존(원)교,공립,,63563 ,제주특별자치도 서귀포시 말질로 188 (강정동.강정초등학교병설유치원),064-739-2389,064-739-0662,http://gangjeong.jje.es.kr
2019,유치원,,유치원,제주,서귀포시,서귀포시,대정초등학교병설유치원,본교,기존(원)교,공립,,63508 ,제주특별자치도 서귀포시 대정읍 상모대서로 15 (대정읍.대정초등학교병설유치원),064-786-0728,064-794-2202,http://daejung.jje.es.kr
2019,유치원,,유치원,제주,서귀포시,서귀포시,대정서초등학교병설유치원,본교,기존(원)교,공립,,63506 ,제주특별자치도 서귀포시 대정읍 동일하모로 43 (대정읍.대정서초등학교병설유치원),064-794-0850,064-794-0780,http://djseo.jje.es.kr
2019,유치원,,유치원,제주,서귀포시,서귀포시,동남초등학교병설유치원,본교,기존(원)교,공립,,63640 ,제주특별자치도 서귀포시 성산읍 고성오조로 55 (성산읍. 동남초등학교병설유치원),064-786-5800,064-786-5899,http://dongnam.jje.es.kr
2019,유치원,,유치원,제주,서귀포시,서귀포시,무릉초등학교병설유치원,본교,기존(원)교,공립,,63501 ,제주특별자치도 서귀포시 대정읍 서삼중로 106 (대정읍.무릉초등학교병설유치원),064-793-5360,064-792-5303,http://murung.jje.es.kr
2019,유치원,,유치원,제주,서귀포시,서귀포시,법환초등학교병설유치원,본교,기존(원)교,공립,,63573 ,제주특별자치도 서귀포시 이어도로 879 (법환동.법환초등학교병설유치원),064-739-2798,064-739-5229,http://beophwan.jje.es.kr
2019,유치원,,유치원,제주,서귀포시,서귀포시,보목초등학교병설유치원,본교,기존(원)교,공립,,63599 ,제주특별자치도 서귀포시 마소물로8번길 9 (보목동.보목초등학교병설유치원),064-735-3590,064-735-3501,http://bomok.jje.es.kr
2019,유치원,,유치원,제주,서귀포시,서귀포시,보성초등학교병설유치원,본교,기존(원)교,공립,,63517 ,제주특별자치도 서귀포시 대정읍 추사로55번길 6-1 (대정읍.보성초등학교병설유치원),064-794-6146,064-794-6144,http://jejuboseong.jje.es.kr
2019,유치원,,유치원,제주,서귀포시,서귀포시,사계초등학교병설유치원,본교,기존(원)교,공립,,63528 ,제주특별자치도 서귀포시 안덕면 산방로 346 (안덕면.사계초등학교병설유치원),064-795-7118,064-795-7199,http://sagye.jje.es.kr
2019,유치원,,유치원,제주,서귀포시,서귀포시,서광초등학교병설유치원,본교,기존(원)교,공립,,63522 ,제주특별자치도 서귀포시 안덕면 중산간서로 1842 (안덕면.서광초등학교병설유치원),064-794-6559,064-794-0941,http://seogwang.jje.es.kr
2019,유치원,,유치원,제주,서귀포시,서귀포시,서귀북초등학교병설유치원,본교,기존(원)교,공립,,63584 ,제주특별자치도 서귀포시 중앙로 175 (서홍동.서귀북초등학교병설유치원),064-760-0308,064-760-0303,http://seogwibuk.jje.es.kr
2019,유치원,,유치원,제주,서귀포시,서귀포시,서귀서초등학교병설유치원,본교,기존(원)교,공립,,63584 ,제주특별자치도 서귀포시 솜반천로 38 (서홍동.서귀서초등학교병설유치원),064-762-7564,064-762-2384,http://seoguiseo.jje.es.kr
2019,유치원,,유치원,제주,서귀포시,서귀포시,서귀중앙초등학교병설유치원,본교,기존(원)교,공립,,63590 ,제주특별자치도 서귀포시 중동로8번길 8 (서귀동.서귀중앙초등학교병설유치원),064-733-5444,064-733-5447,http://seogwijoongang.jje.es.kr
2019,유치원,,유치원,제주,서귀포시,서귀포시,서호초등학교병설유치원,본교,기존(원)교,공립,,63569 ,제주특별자치도 서귀포시 호근남로 40 (호근동.서호초등학교병설유치원),064-766-3500,064-766-3599,http://seoho.jje.es.kr
2019,유치원,,유치원,제주,서귀포시,서귀포시,성산초등학교병설유치원,본교,기존(원)교,공립,,63643 ,제주특별자치도 서귀포시 성산읍 한도로 217 (성산읍.성산초등학교병설유치원),064-786-4000,064-786-4019,http://jjseongsan.jje.es.kr
2019,유치원,,유치원,제주,서귀포시,서귀포시,성읍초등학교병설유치원,본교,기존(원)교,공립,,63624 ,제주특별자치도 서귀포시 표선면 성읍민속로 65 (표선면.성읍초등학교병설유치원),064-780-1870,064-787-4637,http://seongeup.jje.es.kr
2019,유치원,,유치원,제주,서귀포시,서귀포시,수산초등학교병설유치원,본교,기존(원)교,공립,,63630 ,제주특별자치도 서귀포시 성산읍 수시로 9 (성산읍.수산초등학교병설유치원),064-783-0974,064-783-0903,http://jjsusan.jje.es.kr
2019,유치원,,유치원,제주,서귀포시,서귀포시,시흥초등학교병설유치원,본교,기존(원)교,공립,,63638 ,제주특별자치도 서귀포시 성산읍 시흥상동로 113 (성산읍.시흥초등학교병설유치원),064-782-1006,064-782-1016,http://jjsiheung.jje.es.kr
2019,유치원,,유치원,제주,서귀포시,서귀포시,신례초등학교병설유치원,본교,기존(원)교,공립,,63608 ,제주특별자치도 서귀포시 남원읍 중산간동로 7116 (남원읍.신례초등학교병설유치원),064-767-3474,064-767-3971,http://shinrye.jje.es.kr
2019,유치원,,유치원,제주,서귀포시,서귀포시,신산초등학교병설유치원,본교,기존(원)교,공립,,63634 ,제주특별자치도 서귀포시 성산읍 일주동로 5104 (성산읍.신산초등학교병설유치원),064-780-2850,064-780-2888,http://sinsan.jje.es.kr
2019,유치원,,유치원,제주,서귀포시,서귀포시,안덕초등학교병설유치원,본교,기존(원)교,공립,,63530 ,제주특별자치도 서귀포시 안덕면 화순로56번길 32 (안덕면.안덕초등학교병설유치원),064-794-0956,064-792-0408,http://andeok.jje.es.kr
2019,유치원,,유치원,제주,서귀포시,서귀포시,예래초등학교병설유치원,본교,기존(원)교,공립,,63537 ,제주특별자치도 서귀포시 예래로 210-14 (상예동.예래초등학교병설유치원),064-738-2589,064-738-4240,http://yerae.jje.es.kr
2019,유치원,,유치원,제주,서귀포시,서귀포시,온평초등학교병설유치원,본교,기존(원)교,공립,,63633 ,제주특별자치도 서귀포시 성산읍 일주동로 4740 (성산읍).온평초등학교병설유치원,064-780-2717,064-780-2777,http://www.onpyung.jje.es.kr
2019,유치원,,유치원,제주,서귀포시,서귀포시,위미초등학교병설유치원,본교,기존(원)교,공립,,63611 ,제주특별자치도 서귀포시 남원읍 태위로 57 (남원읍.위미초등학교병설유치원),064-760-0230,064-760-0250,http://wimi.jje.es.kr
2019,유치원,,유치원,제주,서귀포시,서귀포시,의귀초등학교병설유치원,본교,기존(원)교,공립,,63618 ,제주특별자치도 서귀포시 남원읍 한신로 213 (남원읍.의귀초등학교병설유치원),064-780-9990,064-780-9999,http://euigwi.jje.es.kr
2019,유치원,,유치원,제주,서귀포시,서귀포시,창천초등학교병설유치원,본교,기존(원)교,공립,,63532 ,제주특별자치도 서귀포시 안덕면 창천중앙로 13 (안덕면. 창천초등학교 병설유치원),064-794-1583,064-794-0690,http://changcheon.jje.es.kr
2019,유치원,,유치원,제주,서귀포시,서귀포시,태흥초등학교병설유치원,본교,기존(원)교,공립,,63617 ,제주특별자치도 서귀포시 남원읍 태위로 915 태흥초등학교,064-764-5818,064-764-0818,http://taeheung.jje.es.kr
2019,유치원,,유치원,제주,서귀포시,서귀포시,토산초등학교병설유치원,본교,기존(원)교,공립,,63626 ,제주특별자치도 서귀포시 표선면 토산중앙로 68-9 (표선면.토산초등학교병설유치원),064-787-4753,064-787-4181,http://tosan.jje.es.kr
2019,유치원,,유치원,제주,서귀포시,서귀포시,토평초등학교병설유치원,본교,기존(원)교,공립,,63604 ,제주특별자치도 서귀포시 토평남로 86 (토평동.토평초등학교병설유치원),064-762-0506,064-732-0522,http://topyeong.jje.es.kr
2019,유치원,,유치원,제주,서귀포시,서귀포시,표선초등학교병설유치원,본교,기존(원)교,공립,,63629 ,제주특별자치도 서귀포시 표선면 표선동서로 293 (표선면. 표선초등학교병설유치원),064-787-4476,064-787-3872,http://pyoseon.jje.es.kr
2019,유치원,,유치원,제주,서귀포시,서귀포시,풍천초등학교병설유치원,본교,기존(원)교,공립,,63637 ,제주특별자치도 서귀포시 성산읍 풍천로 18 . 풍천초등학교병설유치원 (성산읍. 풍천초등학교),064-786-5698,064-786-5697,http://pungcheon.jje.es.kr
2019,유치원,,유치원,제주,서귀포시,서귀포시,하례초등학교병설유치원,본교,기존(원)교,공립,,63613 ,제주특별자치도 서귀포시 남원읍 일주동로 8002 (남원읍.하례초등학교병설유치원),064-760-5607,064-760-5699,http://harye.jje.es.kr
2019,유치원,,유치원,제주,서귀포시,서귀포시,하원초등학교병설유치원,본교,기존(원)교,공립,,63542 ,제주특별자치도 서귀포시 월평하원로 149 (하원동.하원초등학교병설유치원),064-738-1553,064-738-1555,http://jjhawon.jje.es.kr
2019,유치원,,유치원,제주,서귀포시,서귀포시,효돈초등학교병설유치원,본교,기존(원)교,공립,,63606 ,제주특별자치도 서귀포시 효돈로 161 (신효동.효돈초등학교병설유치원),064-767-0471,064-767-1794,http://hyodon.jje.es.kr
2019,유치원,,유치원,제주,서귀포시,서귀포시,흥산초등학교병설유치원,본교,기존(원)교,공립,,63616 ,제주특별자치도 서귀포시 남원읍 일주동로 6642 (남원읍.흥산초등학교병설유치원),064-730-2820,064-730-2888,http://heungsan.jje.es.kr
2019,유치원,,유치원,제주,서귀포시,서귀포시,한마음초등학교병설유치원,본교,기존(원)교,공립,,63627 ,제주특별자치도 서귀포시 표선면 한마음초등로 408 (표선면.한마음초등학교병설유치원),064-780-2320,064-787-6215,http://hanmaum.jje.es.kr
2019,유치원,,유치원,제주,서귀포시,서귀포시,남원유치원,본교,기존(원)교,사립,,63621 ,제주특별자치도 서귀포시 남원읍 남한로 27 (남원읍.남원교회),064-764-0040,064-764-9940,http://www.namwoni.co.kr
2019,유치원,,유치원,제주,서귀포시,서귀포시,성모유치원,본교,기존(원)교,사립,,23564 ,제주특별자치도 서귀포시 안덕면 화순중앙로12번길 1 (안덕면.성모유치원),064-792-1004,064-792-1034,http://sungmo.kidswonn.com
2019,유치원,,유치원,제주,서귀포시,서귀포시,성신유치원,본교,기존(원)교,사립,,63639 ,제주특별자치도 서귀포시 성산읍 고성오조로 120 (성산읍.성신유치원),064-782-3195,064-784-3196,http://sungsin.kidswon.com
2019,유치원,,유치원,제주,서귀포시,서귀포시,예원유치원,본교,기존(원)교,사립,,63589 ,제주특별자치도 서귀포시 동홍중앙로 28 . 예원유치원 (동홍동),064-762-0063,064-762-0065,http://제주예원유치원.kr
2019,유치원,,유치원,제주,서귀포시,서귀포시,해성유치원,본교,기존(원)교,사립,,63585 ,제주특별자치도 서귀포시 중앙로150번길 17 (동홍동. 서귀복자천주교회),064-762-7000,064-732-5444,http://gotjd.kidswon.com
2019,유치원,,유치원,제주,서귀포시,서귀포시,서귀포초등학교병설유치원,본교,기존(원)교,공립,,63596 ,제주특별자치도 서귀포시 솔동산로11번길 17 (서귀동. 서귀포초등학교),064-732-6786,064-733-6710,http://seogwipo.jje.es.kr
2019,유치원,,유치원,제주,서귀포시,서귀포시,중문초등학교병설유치원,본교,기존(원)교,공립,,63545 ,제주특별자치도 서귀포시 천제연로 231 (중문동.중문초등학교병설유치원),064-730-5600,064-730-5693,http://jungmun.jje.es.kr
2019,초등학교,,초등학교,제주,서귀포시,서귀포시,가마초등학교,본교,기존(원)교,공립,,63625 ,제주특별자치도 서귀포시 표선면 일주동로6285번길 8 . 가마초등학교 (표선면),064-780-9500,064-780-9580,http://gama.jje.es.kr
2019,초등학교,,초등학교,제주,서귀포시,서귀포시,가파초등학교,본교,기존(원)교,공립,,63514 ,제주특별자치도 서귀포시 대정읍 가파로67번길 45 (대정읍.가파초등학교),064-794-7062,064-794-5764,http://gapa.jje.es.kr
2019,초등학교,,초등학교,제주,서귀포시,서귀포시,가파초등학교마라분교장,분교장,휴(원)교,공립,,63515 ,제주특별자치도 서귀포시 대정읍 마라로 58 (대정읍.가파초등학교마라분교),064-792-8508,064-792-5190,http://gapa.jje.es.kr
2019,초등학교,,초등학교,제주,서귀포시,서귀포시,강정초등학교,본교,기존(원)교,공립,,63563 ,제주특별자치도 서귀포시 말질로 188 (강정동. 강정초등학교),064-739-0552,064-739-0662,http://gangjeong.jje.es.kr
2019,초등학교,,초등학교,제주,서귀포시,서귀포시,남원초등학교,본교,기존(원)교,공립,,63621 ,제주특별자치도 서귀포시 남원읍 태위로 647 (남원읍),064-766-4105,064-766-4194,http://jjnamwon.jje.es.kr
2019,초등학교,,초등학교,제주,서귀포시,서귀포시,대정초등학교,본교,기존(원)교,공립,,63508 ,제주특별자치도 서귀포시 대정읍 상모대서로 15 (대정읍),064-786-0700,064-786-0760,http://daejung.jje.es.kr
2019,초등학교,,초등학교,제주,서귀포시,서귀포시,대정서초등학교,본교,기존(원)교,공립,,63506 ,제주특별자치도 서귀포시 대정읍 동일하모로 43 (대정읍),064-794-0782,064-794-0780,http://djseo.jje.es.kr
2019,초등학교,,초등학교,제주,서귀포시,서귀포시,덕수초등학교,본교,기존(원)교,공립,,63527 ,제주특별자치도 서귀포시 안덕면 덕수서로 10 (안덕면),064-794-6067,064-794-6068,http://deoksu.jje.es.kr
2019,초등학교,,초등학교,제주,서귀포시,서귀포시,도순초등학교,본교,기존(원)교,공립,,63561 ,제주특별자치도 서귀포시 도순남로 83 (도순동.도순초등학교),064-730-0300,064-739-4261,http://dosun.jje.es.kr
2019,초등학교,,초등학교,제주,서귀포시,서귀포시,동남초등학교,본교,기존(원)교,공립,,63640 ,제주특별자치도 서귀포시 성산읍 고성오조로 55 . 동남초등학교 (성산읍),064-786-5800,064-786-5899,http://dongnam.jje.es.kr
2019,초등학교,,초등학교,제주,서귀포시,서귀포시,무릉초등학교,본교,기존(원)교,공립,,63501 ,제주특별자치도 서귀포시 대정읍 서삼중로 106 . 무릉초등학교 (대정읍),064-793-5300,064-792-5303,http://murung.jje.es.kr
2019,초등학교,,초등학교,제주,서귀포시,서귀포시,법환초등학교,본교,기존(원)교,공립,,63573 ,제주특별자치도 서귀포시 이어도로 879 (법환동. 법환초등학교),064-739-8544,064-739-5229,http://beophwan.jje.es.kr
2019,초등학교,,초등학교,제주,서귀포시,서귀포시,보목초등학교,본교,기존(원)교,공립,,63599 ,제주특별자치도 서귀포시 마소물로8번길 9 (보목동),064-735-3500,064-735-3501,http://bomok.jje.es.kr
2019,초등학교,,초등학교,제주,서귀포시,서귀포시,보성초등학교,본교,기존(원)교,공립,,63517 ,제주특별자치도 서귀포시 대정읍 추사로55번길 6-1 (대정읍),064-794-6143,064-794-6144,http://jejuboseong.jje.es.kr
2019,초등학교,,초등학교,제주,서귀포시,서귀포시,사계초등학교,본교,기존(원)교,공립,,63528 ,제주특별자치도 서귀포시 안덕면 산방로 346 (안덕면),064-795-7100,064-795-7199,http://sagye.jje.es.kr
2019,초등학교,,초등학교,제주,서귀포시,서귀포시,새서귀초등학교,본교,기존(원)교,공립,,63565 ,제주특별자치도 서귀포시 신서귀로76번길 6-3 (서호동),064-730-0700,064-730-0799,http://saeseogwi.jje.es.kr
2019,초등학교,,초등학교,제주,서귀포시,서귀포시,서광초등학교,본교,기존(원)교,공립,,63522 ,제주특별자치도 서귀포시 안덕면 중산간서로 1842 (안덕면),064-794-6559,064-794-0941,http://seogwang.jje.es.kr
2019,초등학교,,초등학교,제주,서귀포시,서귀포시,서귀북초등학교,본교,기존(원)교,공립,,63584 ,제주특별자치도 서귀포시 중앙로 175 (서홍동),064-760-0300,064-760-0303,http://seogwibuk.jje.es.kr
2019,초등학교,,초등학교,제주,서귀포시,서귀포시,서귀서초등학교,본교,기존(원)교,공립,,63584 ,제주특별자치도 서귀포시 솜반천로 38 (서홍동.서귀서초등학교),064-762-7561,064-762-2384,http://seoguiseo.jje.es.kr
2019,초등학교,,초등학교,제주,서귀포시,서귀포시,서귀중앙초등학교,본교,기존(원)교,공립,,63590 ,제주특별자치도 서귀포시 동문동로 54 (서귀동. 서귀중앙초등학교),064-733-5441,064-732-5442,http://seogwijoongang.jje.es.kr
2019,초등학교,,초등학교,제주,서귀포시,서귀포시,서귀포초등학교,본교,기존(원)교,공립,,63596 ,제주특별자치도 서귀포시 솔동산로11번길 17 (서귀동),064-733-5121,064-733-6710,http://seogwipo.jje.es.kr
2019,초등학교,,초등학교,제주,서귀포시,서귀포시,서호초등학교,본교,기존(원)교,공립,,63569 ,제주특별자치도 서귀포시 호근남로 40 (호근동),064-766-3500,064-766-3599,http://seoho.jje.es.kr
2019,초등학교,,초등학교,제주,서귀포시,서귀포시,성산초등학교,본교,기존(원)교,공립,,63643 ,제주특별자치도 서귀포시 성산읍 한도로 217 . 성산초등학교 (성산읍),064-786-4000,064-786-4019,http://jjseongsan.jje.es.kr
2019,초등학교,,초등학교,제주,서귀포시,서귀포시,성읍초등학교,본교,기존(원)교,공립,,63624 ,제주특별자치도 서귀포시 표선면 성읍민속로 65 (표선면. 성읍초등학교),064-780-1800,064-787-4637,http://seongeup.jje.es.kr
2019,초등학교,,초등학교,제주,서귀포시,서귀포시,수산초등학교,본교,기존(원)교,공립,,63630 ,제주특별자치도 서귀포시 성산읍 수시로 9 (성산읍),064-783-0984,064-783-0983,http://jjsusan.jje.es.kr
2019,초등학교,,초등학교,제주,서귀포시,서귀포시,시흥초등학교,본교,기존(원)교,공립,,63638 ,제주특별자치도 서귀포시 성산읍 시흥상동로 113 (성산읍),064-782-2807,064-782-1016,http://jjsiheung.jje.es.kr
2019,초등학교,,초등학교,제주,서귀포시,서귀포시,신례초등학교,본교,기존(원)교,공립,,63608 ,제주특별자치도 서귀포시 남원읍 중산간동로 7116 (남원읍),064-767-2474,064-767-3971,http://shinrye.jje.es.kr
2019,초등학교,,초등학교,제주,서귀포시,서귀포시,신산초등학교,본교,기존(원)교,공립,,63634 ,제주특별자치도 서귀포시 성산읍 일주동로 5104 (성산읍),064-780-2810,064-780-2888,http://sinsan.jje.es.kr
2019,초등학교,,초등학교,제주,서귀포시,서귀포시,안덕초등학교,본교,기존(원)교,공립,,63530 ,제주특별자치도 서귀포시 안덕면 화순로56번길 32 (안덕면. 안덕초등학교),064-794-9007,064-792-0408,http://andeok.jje.es.kr
2019,초등학교,,초등학교,제주,서귀포시,서귀포시,예래초등학교,본교,기존(원)교,공립,,63537 ,제주특별자치도 서귀포시 예래로 210-14 (상예동),064-738-0240,064-738-4240,http://yerae.jje.es.kr
2019,초등학교,,초등학교,제주,서귀포시,서귀포시,온평초등학교,본교,기존(원)교,공립,,63633 ,제주특별자치도 서귀포시 성산읍 일주동로 4740 (성산읍),064-780-2700,064-780-2777,http://onpyung.jje.es.kr
2019,초등학교,,초등학교,제주,서귀포시,서귀포시,위미초등학교,본교,기존(원)교,공립,,63611 ,제주특별자치도 서귀포시 남원읍 태위로 57 (남원읍. 위미초등학교),064-760-0230,064-760-0250,http://wimi.jje.es.kr
2019,초등학교,,초등학교,제주,서귀포시,서귀포시,의귀초등학교,본교,기존(원)교,공립,,63618 ,제주특별자치도 서귀포시 남원읍 한신로 213 (남원읍.의귀초등학교),064-780-9900,064-780-9999,http://euigwi.jje.es.kr
2019,초등학교,,초등학교,제주,서귀포시,서귀포시,중문초등학교,본교,기존(원)교,공립,,63545 ,제주특별자치도 서귀포시 천제연로 231 (중문동),064-730-5600,064-738-3317,http://jungmun.jje.es.kr
2019,초등학교,,초등학교,제주,서귀포시,서귀포시,창천초등학교,본교,기존(원)교,공립,,63532 ,제주특별자치도 서귀포시 안덕면 창천중앙로 12 (안덕면),064-794-9906,064-794-0690,http://changcheon.jje.es.kr
2019,초등학교,,초등학교,제주,서귀포시,서귀포시,태흥초등학교,본교,기존(원)교,공립,,63617 ,제주특별자치도 서귀포시 남원읍 태위로 915 (남원읍. 태흥초등학교),064-764-5774,064-764-6373,http://taeheung.jje.es.kr
2019,초등학교,,초등학교,제주,서귀포시,서귀포시,토산초등학교,본교,기존(원)교,공립,,63626 ,제주특별자치도 서귀포시 표선면 토산중앙로 68-9 . 토산초등학교 (표선면),064-787-0081,064-787-4181,http://tosan.jje.es.kr
2019,초등학교,,초등학교,제주,서귀포시,서귀포시,토평초등학교,본교,기존(원)교,공립,,63604 ,제주특별자치도 서귀포시 토평남로 86 (토평동),064-762-2467,064-732-0552,http://topyeong.jje.es.kr
2019,초등학교,,초등학교,제주,서귀포시,서귀포시,표선초등학교,본교,기존(원)교,공립,,63629 ,제주특별자치도 서귀포시 표선면 표선동서로 293 (표선면),064-787-3011,064-787-3872,http://pyoseon.jje.es.kr
2019,초등학교,,초등학교,제주,서귀포시,서귀포시,풍천초등학교,본교,기존(원)교,공립,,63637 ,제주특별자치도 서귀포시 성산읍 풍천로 18 (성산읍),064-786-5600,064-786-5697,http://pungcheon.jje.es.kr
2019,초등학교,,초등학교,제주,서귀포시,서귀포시,하례초등학교,본교,기존(원)교,공립,,63613 ,제주특별자치도 서귀포시 남원읍 일주동로 8002 . 하례초등학교 (남원읍),064-760-5600,064-760-5699,http://harye.jje.es.kr
2019,초등학교,,초등학교,제주,서귀포시,서귀포시,하원초등학교,본교,기존(원)교,공립,,63542 ,제주특별자치도 서귀포시 월평하원로 149 (하원동.하원초등학교),064-738-0555,064-738-1555,http://jjhawon.jje.es.kr
2019,초등학교,,초등학교,제주,서귀포시,서귀포시,효돈초등학교,본교,기존(원)교,공립,,63606 ,제주특별자치도 서귀포시 효돈로 161 (신효동),064-767-1795,064-767-1794,http://hyodon.jje.es.kr
2019,초등학교,,초등학교,제주,서귀포시,서귀포시,흥산초등학교,본교,기존(원)교,공립,,63616 ,제주특별자치도 서귀포시 남원읍 일주동로 6642 . 흥산초등학교 (남원읍),064-730-2800,064-730-2888,http://heungsan.jje.es.kr
2019,초등학교,,초등학교,제주,서귀포시,서귀포시,동홍초등학교,본교,기존(원)교,공립,,63586 ,제주특별자치도 서귀포시 동홍북로 17 (동홍동),064-730-7500,064-763-0434,http://donghong.jje.es.kr
2019,초등학교,,초등학교,제주,서귀포시,서귀포시,한마음초등학교,본교,기존(원)교,공립,,63627 ,제주특별자치도 서귀포시 표선면 한마음초등로 408 (표선면. 한마음초등학교),064-780-2300,064-787-6215,http://hanmaum.jje.es.kr
2019,중학교,,일반중학교,제주,서귀포시,서귀포시,남원중학교,본교,기존(원)교,공립,남여공학,63621 ,제주특별자치도 서귀포시 남원읍 남한로 36 (남원읍),064-766-7500,064-764-4005,http://namwon.jje.ms.kr
2019,중학교,,일반중학교,제주,서귀포시,서귀포시,대정중학교,본교,기존(원)교,공립,남여공학,63513 ,제주특별자치도 서귀포시 대정읍 비행장로 18 (대정읍. 대정중학교),064-798-0700,064-798-0705,http://daejung.jje.ms.kr
2019,중학교,,일반중학교,제주,서귀포시,서귀포시,무릉중학교,본교,기존(원)교,공립,남여공학,63501 ,제주특별자치도 서귀포시 대정읍 서삼중로 106 . 무릉중학교 (대정읍. 무릉초등학교),064-793-5300,064-792-5303,http://murung.jje.ms.kr
2019,중학교,,일반중학교,제주,서귀포시,서귀포시,서귀포여자중학교,본교,기존(원)교,공립,여자,63583 ,제주특별자치도 서귀포시 일주동로 8820 (서홍동.서귀포여자중학교),064-730-8800,064-762-5711,http://seogwipo-g.jje.ms.kr
2019,중학교,,일반중학교,제주,서귀포시,서귀포시,서귀중앙여자중학교,본교,기존(원)교,공립,여자,63585 ,제주특별자치도 서귀포시 중앙로 120 (동홍동),064-730-5100,064-732-1106,http://sgja-g.jje.ms.kr
2019,중학교,,일반중학교,제주,서귀포시,서귀포시,서귀포중학교,본교,기존(원)교,공립,남자,63595 ,제주특별자치도 서귀포시 태평로 474 (서귀동. 서귀포중학교),064-730-7900,064-732-1132,http://seogwipo.jje.ms.kr
2019,중학교,,일반중학교,제주,서귀포시,서귀포시,서귀포대신중학교,본교,기존(원)교,공립,남여공학,63565 ,제주특별자치도 서귀포시 신중로13번길 15 . 서귀포대신중학교 (강정동),064-735-4600,064-735-4606,http://daesin.jje.ms.kr
2019,중학교,,일반중학교,제주,서귀포시,서귀포시,성산중학교,본교,기존(원)교,공립,남여공학,63641 ,제주특별자치도 서귀포시 성산읍 일주동로 4316 . 성산중학교 (성산읍),064-784-0663,064-782-1663,http://ss.jje.ms.kr
2019,중학교,,일반중학교,제주,서귀포시,서귀포시,신산중학교,본교,기존(원)교,공립,남여공학,63634 ,제주특별자치도 서귀포시 성산읍 일주동로 5104 (성산읍.신산중학교),064-780-2800,064-780-2888,http://sinsan.jje.ms.kr
2019,중학교,,일반중학교,제주,서귀포시,서귀포시,안덕중학교,본교,기존(원)교,공립,남여공학,63530 ,제주특별자치도 서귀포시 안덕면 화순로 74 (안덕면),064-735-7700,064-735-7736,http://andeok.jje.ms.kr
2019,중학교,,일반중학교,제주,서귀포시,서귀포시,위미중학교,본교,기존(원)교,공립,남여공학,63609 ,제주특별자치도 서귀포시 남원읍 위미상원북로 34 (남원읍),064-764-1122,064-764-6313,http://wimi.jje.ms.kr
2019,중학교,,일반중학교,제주,서귀포시,서귀포시,중문중학교,본교,기존(원)교,공립,남여공학,63546 ,제주특별자치도 서귀포시 천제연로232번길 10 (중문동),064-766-0100,064-766-0110,http://jungmun.jje.ms.kr
2019,중학교,,일반중학교,제주,서귀포시,서귀포시,표선중학교,본교,기존(원)교,공립,남여공학,63629 ,제주특별자치도 서귀포시 표선면 표선중앙로 31 (표선면. 표선중학교),064-787-0629,064-787-4688,http://pyoseon.jje.ms.kr
2019,중학교,,일반중학교,제주,서귀포시,서귀포시,효돈중학교,본교,기존(원)교,공립,남여공학,63606 ,제주특별자치도 서귀포시 효돈로 207 . 효돈중학교 (하효동),064-730-0201,064-730-0290,http://hyodon.jje.ms.kr
2019,중학교,,일반중학교,제주,서귀포시,서귀포시,남주중학교,본교,기존(원)교,사립,남자,63579 ,제주특별자치도 서귀포시 동홍로303번길 14 . 남주중학교 (동홍동),064-730-6100,064-730-6199,http://namju.jje.ms.kr
